vehicle_id,trip_id,source_time_s,nox_ppm,sensor_id,position,quality,provenance
999999,1,0,100.0,demo-nox-1,downstream,valid,synthetic
999999,1,1,100.0,demo-nox-1,downstream,valid,synthetic
999999,1,2,100.0,demo-nox-1,downstream,valid,synthetic
999999,1,3,100.0,demo-nox-1,downstream,valid,synthetic
999999,1,4,100.0,demo-nox-1,downstream,valid,synthetic
999999,1,5,100.0,demo-nox-1,downstream,valid,synthetic
999999,1,6,100.0,demo-nox-1,downstream,valid,synthetic
999999,1,7,100.0,demo-nox-1,downstream,valid,synthetic
999999,1,8,100.0,demo-nox-1,downstream,valid,synthetic
999999,1,9,100.0,demo-nox-1,downstream,valid,synthetic
999999,1,10,100.0,demo-nox-1,downstream,valid,synthetic
999999,1,11,100.0,demo-nox-1,downstream,valid,synthetic
999999,1,12,100.0,demo-nox-1,downstream,valid,synthetic
999999,1,13,100.0,demo-nox-1,downstream,valid,synthetic
999999,1,14,100.0,demo-nox-1,downstream,valid,synthetic
999999,1,15,100.0,demo-nox-1,downstream,valid,synthetic
999999,1,16,100.0,demo-nox-1,downstream,valid,synthetic
999999,1,17,100.0,demo-nox-1,downstream,valid,synthetic
999999,1,18,100.0,demo-nox-1,downstream,valid,synthetic
999999,1,19,100.0,demo-nox-1,downstream,valid,synthetic
999999,1,20,100.0,demo-nox-1,downstream,valid,synthetic
999999,1,21,100.0,demo-nox-1,downstream,valid,synthetic
999999,1,22,100.0,demo-nox-1,downstream,valid,synthetic
999999,1,23,100.0,demo-nox-1,downstream,valid,synthetic
999999,1,24,100.0,demo-nox-1,downstream,valid,synthetic
999999,1,25,100.0,demo-nox-1,downstream,valid,synthetic
999999,1,26,100.0,demo-nox-1,downstream,valid,synthetic
999999,1,27,100.0,demo-nox-1,downstream,valid,synthetic
999999,1,28,100.0,demo-nox-1,downstream,valid,synthetic
999999,1,29,100.0,demo-nox-1,downstream,valid,synthetic
999999,1,30,100.0,demo-nox-1,downstream,valid,synthetic
999999,1,31,100.0,demo-nox-1,downstream,valid,synthetic
999999,1,32,100.0,demo-nox-1,downstream,valid,synthetic
999999,1,33,100.0,demo-nox-1,downstream,valid,synthetic
999999,1,34,100.0,demo-nox-1,downstream,valid,synthetic
999999,1,35,100.0,demo-nox-1,downstream,valid,synthetic
999999,1,36,100.0,demo-nox-1,downstream,valid,synthetic
999999,1,37,100.0,demo-nox-1,downstream,valid,synthetic
999999,1,38,100.0,demo-nox-1,downstream,valid,synthetic
999999,1,39,100.0,demo-nox-1,downstream,valid,synthetic
999999,1,40,100.0,demo-nox-1,downstream,valid,synthetic
999999,1,41,100.0,demo-nox-1,downstream,valid,synthetic
999999,1,42,100.0,demo-nox-1,downstream,valid,synthetic
999999,1,43,100.0,demo-nox-1,downstream,valid,synthetic
999999,1,44,100.0,demo-nox-1,downstream,valid,synthetic
999999,1,45,100.0,demo-nox-1,downstream,valid,synthetic
999999,1,46,100.0,demo-nox-1,downstream,valid,synthetic
999999,1,47,100.0,demo-nox-1,downstream,valid,synthetic
999999,1,48,100.0,demo-nox-1,downstream,valid,synthetic
999999,1,49,100.0,demo-nox-1,downstream,valid,synthetic
999999,1,50,100.0,demo-nox-1,downstream,valid,synthetic
999999,1,51,100.0,demo-nox-1,downstream,valid,synthetic
999999,1,52,100.0,demo-nox-1,downstream,valid,synthetic
999999,1,53,100.0,demo-nox-1,downstream,valid,synthetic
999999,1,54,100.0,demo-nox-1,downstream,valid,synthetic
999999,1,55,100.0,demo-nox-1,downstream,valid,synthetic
999999,1,56,100.0,demo-nox-1,downstream,valid,synthetic
999999,1,57,100.0,demo-nox-1,downstream,valid,synthetic
999999,1,58,100.0,demo-nox-1,downstream,valid,synthetic
999999,1,59,100.0,demo-nox-1,downstream,valid,synthetic
999999,1,60,100.0,demo-nox-1,downstream,valid,synthetic
999999,1,61,100.0,demo-nox-1,downstream,valid,synthetic
999999,1,62,100.0,demo-nox-1,downstream,valid,synthetic
999999,1,63,100.0,demo-nox-1,downstream,valid,synthetic
999999,1,64,100.0,demo-nox-1,downstream,valid,synthetic
999999,1,65,100.0,demo-nox-1,downstream,valid,synthetic
999999,1,66,100.0,demo-nox-1,downstream,valid,synthetic
999999,1,67,100.0,demo-nox-1,downstream,valid,synthetic
999999,1,68,100.0,demo-nox-1,downstream,valid,synthetic
999999,1,69,100.0,demo-nox-1,downstream,valid,synthetic
999999,1,70,100.0,demo-nox-1,downstream,valid,synthetic
999999,1,71,100.0,demo-nox-1,downstream,valid,synthetic
999999,1,72,100.0,demo-nox-1,downstream,valid,synthetic
999999,1,73,100.0,demo-nox-1,downstream,valid,synthetic
999999,1,74,100.0,demo-nox-1,downstream,valid,synthetic
999999,1,75,100.0,demo-nox-1,downstream,valid,synthetic
999999,1,76,100.0,demo-nox-1,downstream,valid,synthetic
999999,1,77,100.0,demo-nox-1,downstream,valid,synthetic
999999,1,78,100.0,demo-nox-1,downstream,valid,synthetic
999999,1,79,100.0,demo-nox-1,downstream,valid,synthetic
999999,1,80,100.0,demo-nox-1,downstream,valid,synthetic
999999,1,81,104.5,demo-nox-1,downstream,valid,synthetic
999999,1,82,109.0,demo-nox-1,downstream,valid,synthetic
999999,1,83,113.5,demo-nox-1,downstream,valid,synthetic
999999,1,84,118.0,demo-nox-1,downstream,valid,synthetic
999999,1,85,122.5,demo-nox-1,downstream,valid,synthetic
999999,1,86,127.0,demo-nox-1,downstream,valid,synthetic
999999,1,87,131.5,demo-nox-1,downstream,valid,synthetic
999999,1,88,136.0,demo-nox-1,downstream,valid,synthetic
999999,1,89,140.5,demo-nox-1,downstream,valid,synthetic
999999,1,90,145.0,demo-nox-1,downstream,valid,synthetic
999999,1,91,149.5,demo-nox-1,downstream,valid,synthetic
999999,1,92,154.0,demo-nox-1,downstream,valid,synthetic
999999,1,93,158.5,demo-nox-1,downstream,valid,synthetic
999999,1,94,163.0,demo-nox-1,downstream,valid,synthetic
999999,1,95,167.5,demo-nox-1,downstream,valid,synthetic
999999,1,96,172.0,demo-nox-1,downstream,valid,synthetic
999999,1,97,176.5,demo-nox-1,downstream,valid,synthetic
999999,1,98,181.0,demo-nox-1,downstream,valid,synthetic
999999,1,99,185.5,demo-nox-1,downstream,valid,synthetic
999999,1,100,190.0,demo-nox-1,downstream,valid,synthetic
999999,1,101,194.5,demo-nox-1,downstream,valid,synthetic
999999,1,102,199.0,demo-nox-1,downstream,valid,synthetic
999999,1,103,203.5,demo-nox-1,downstream,valid,synthetic
999999,1,104,208.0,demo-nox-1,downstream,valid,synthetic
999999,1,105,212.5,demo-nox-1,downstream,valid,synthetic
999999,1,106,217.0,demo-nox-1,downstream,valid,synthetic
999999,1,107,221.5,demo-nox-1,downstream,valid,synthetic
999999,1,108,226.0,demo-nox-1,downstream,valid,synthetic
999999,1,109,230.5,demo-nox-1,downstream,valid,synthetic
999999,1,110,235.0,demo-nox-1,downstream,valid,synthetic
999999,1,111,239.5,demo-nox-1,downstream,valid,synthetic
999999,1,112,244.0,demo-nox-1,downstream,valid,synthetic
999999,1,113,248.5,demo-nox-1,downstream,valid,synthetic
999999,1,114,253.0,demo-nox-1,downstream,valid,synthetic
999999,1,115,257.5,demo-nox-1,downstream,valid,synthetic
999999,1,116,262.0,demo-nox-1,downstream,valid,synthetic
999999,1,117,266.5,demo-nox-1,downstream,valid,synthetic
999999,1,118,271.0,demo-nox-1,downstream,valid,synthetic
999999,1,119,275.5,demo-nox-1,downstream,valid,synthetic
999999,1,120,280.0,demo-nox-1,downstream,valid,synthetic
999999,1,121,280.0,demo-nox-1,downstream,valid,synthetic
999999,1,122,280.0,demo-nox-1,downstream,valid,synthetic
999999,1,123,280.0,demo-nox-1,downstream,valid,synthetic
999999,1,124,280.0,demo-nox-1,downstream,valid,synthetic
999999,1,125,280.0,demo-nox-1,downstream,valid,synthetic
999999,1,126,280.0,demo-nox-1,downstream,valid,synthetic
999999,1,127,280.0,demo-nox-1,downstream,valid,synthetic
999999,1,128,280.0,demo-nox-1,downstream,valid,synthetic
999999,1,129,280.0,demo-nox-1,downstream,valid,synthetic
999999,1,130,280.0,demo-nox-1,downstream,valid,synthetic
999999,1,131,280.0,demo-nox-1,downstream,valid,synthetic
999999,1,132,280.0,demo-nox-1,downstream,valid,synthetic
999999,1,133,280.0,demo-nox-1,downstream,valid,synthetic
999999,1,134,280.0,demo-nox-1,downstream,valid,synthetic
999999,1,135,280.0,demo-nox-1,downstream,valid,synthetic
999999,1,136,280.0,demo-nox-1,downstream,valid,synthetic
999999,1,137,280.0,demo-nox-1,downstream,valid,synthetic
999999,1,138,280.0,demo-nox-1,downstream,valid,synthetic
999999,1,139,280.0,demo-nox-1,downstream,valid,synthetic
999999,1,140,280.0,demo-nox-1,downstream,valid,synthetic
999999,1,141,280.0,demo-nox-1,downstream,valid,synthetic
999999,1,142,280.0,demo-nox-1,downstream,valid,synthetic
999999,1,143,280.0,demo-nox-1,downstream,valid,synthetic
999999,1,144,280.0,demo-nox-1,downstream,valid,synthetic
999999,1,145,280.0,demo-nox-1,downstream,valid,synthetic
999999,1,146,280.0,demo-nox-1,downstream,valid,synthetic
999999,1,147,280.0,demo-nox-1,downstream,valid,synthetic
999999,1,148,280.0,demo-nox-1,downstream,valid,synthetic
999999,1,149,280.0,demo-nox-1,downstream,valid,synthetic
999999,1,150,280.0,demo-nox-1,downstream,valid,synthetic
999999,1,151,280.0,demo-nox-1,downstream,valid,synthetic
999999,1,152,280.0,demo-nox-1,downstream,valid,synthetic
999999,1,153,280.0,demo-nox-1,downstream,valid,synthetic
999999,1,154,280.0,demo-nox-1,downstream,valid,synthetic
999999,1,155,280.0,demo-nox-1,downstream,valid,synthetic
999999,1,156,280.0,demo-nox-1,downstream,valid,synthetic
999999,1,157,280.0,demo-nox-1,downstream,valid,synthetic
999999,1,158,280.0,demo-nox-1,downstream,valid,synthetic
999999,1,159,280.0,demo-nox-1,downstream,valid,synthetic
999999,1,160,280.0,demo-nox-1,downstream,valid,synthetic
999999,1,161,280.0,demo-nox-1,downstream,valid,synthetic
999999,1,162,280.0,demo-nox-1,downstream,valid,synthetic
999999,1,163,280.0,demo-nox-1,downstream,valid,synthetic
999999,1,164,280.0,demo-nox-1,downstream,valid,synthetic
999999,1,165,280.0,demo-nox-1,downstream,valid,synthetic
999999,1,166,280.0,demo-nox-1,downstream,valid,synthetic
999999,1,167,280.0,demo-nox-1,downstream,valid,synthetic
999999,1,168,280.0,demo-nox-1,downstream,valid,synthetic
999999,1,169,280.0,demo-nox-1,downstream,valid,synthetic
999999,1,170,280.0,demo-nox-1,downstream,valid,synthetic
999999,1,171,280.0,demo-nox-1,downstream,valid,synthetic
999999,1,172,280.0,demo-nox-1,downstream,valid,synthetic
999999,1,173,280.0,demo-nox-1,downstream,valid,synthetic
999999,1,174,280.0,demo-nox-1,downstream,valid,synthetic
999999,1,175,280.0,demo-nox-1,downstream,valid,synthetic
999999,1,176,280.0,demo-nox-1,downstream,valid,synthetic
999999,1,177,280.0,demo-nox-1,downstream,valid,synthetic
999999,1,178,280.0,demo-nox-1,downstream,valid,synthetic
999999,1,179,280.0,demo-nox-1,downstream,valid,synthetic
999999,1,180,280.0,demo-nox-1,downstream,valid,synthetic
999999,1,181,280.0,demo-nox-1,downstream,valid,synthetic
999999,1,182,280.0,demo-nox-1,downstream,valid,synthetic
999999,1,183,280.0,demo-nox-1,downstream,valid,synthetic
999999,1,184,280.0,demo-nox-1,downstream,valid,synthetic
999999,1,185,280.0,demo-nox-1,downstream,valid,synthetic
999999,1,186,280.0,demo-nox-1,downstream,valid,synthetic
999999,1,187,280.0,demo-nox-1,downstream,valid,synthetic
999999,1,188,280.0,demo-nox-1,downstream,valid,synthetic
999999,1,189,280.0,demo-nox-1,downstream,valid,synthetic
999999,1,190,280.0,demo-nox-1,downstream,valid,synthetic
999999,1,191,280.0,demo-nox-1,downstream,valid,synthetic
999999,1,192,280.0,demo-nox-1,downstream,valid,synthetic
999999,1,193,280.0,demo-nox-1,downstream,valid,synthetic
999999,1,194,280.0,demo-nox-1,downstream,valid,synthetic
999999,1,195,280.0,demo-nox-1,downstream,valid,synthetic
999999,1,196,280.0,demo-nox-1,downstream,valid,synthetic
999999,1,197,280.0,demo-nox-1,downstream,valid,synthetic
999999,1,198,280.0,demo-nox-1,downstream,valid,synthetic
999999,1,199,280.0,demo-nox-1,downstream,valid,synthetic
999999,1,200,280.0,demo-nox-1,downstream,valid,synthetic
999999,1,201,280.0,demo-nox-1,downstream,valid,synthetic
999999,1,202,280.0,demo-nox-1,downstream,valid,synthetic
999999,1,203,280.0,demo-nox-1,downstream,valid,synthetic
999999,1,204,280.0,demo-nox-1,downstream,valid,synthetic
999999,1,205,280.0,demo-nox-1,downstream,valid,synthetic
999999,1,206,280.0,demo-nox-1,downstream,valid,synthetic
999999,1,207,280.0,demo-nox-1,downstream,valid,synthetic
999999,1,208,280.0,demo-nox-1,downstream,valid,synthetic
999999,1,209,280.0,demo-nox-1,downstream,valid,synthetic
999999,1,210,280.0,demo-nox-1,downstream,valid,synthetic
999999,1,211,280.0,demo-nox-1,downstream,valid,synthetic
999999,1,212,280.0,demo-nox-1,downstream,valid,synthetic
999999,1,213,280.0,demo-nox-1,downstream,valid,synthetic
999999,1,214,280.0,demo-nox-1,downstream,valid,synthetic
999999,1,215,280.0,demo-nox-1,downstream,valid,synthetic
999999,1,216,280.0,demo-nox-1,downstream,valid,synthetic
999999,1,217,280.0,demo-nox-1,downstream,valid,synthetic
999999,1,218,280.0,demo-nox-1,downstream,valid,synthetic
999999,1,219,280.0,demo-nox-1,downstream,valid,synthetic
999999,1,220,280.0,demo-nox-1,downstream,valid,synthetic
999999,1,221,280.0,demo-nox-1,downstream,valid,synthetic
999999,1,222,280.0,demo-nox-1,downstream,valid,synthetic
999999,1,223,280.0,demo-nox-1,downstream,valid,synthetic
999999,1,224,280.0,demo-nox-1,downstream,valid,synthetic
999999,1,225,280.0,demo-nox-1,downstream,valid,synthetic
999999,1,226,280.0,demo-nox-1,downstream,valid,synthetic
999999,1,227,280.0,demo-nox-1,downstream,valid,synthetic
999999,1,228,280.0,demo-nox-1,downstream,valid,synthetic
999999,1,229,280.0,demo-nox-1,downstream,valid,synthetic
999999,1,230,280.0,demo-nox-1,downstream,valid,synthetic
999999,1,231,280.0,demo-nox-1,downstream,valid,synthetic
999999,1,232,280.0,demo-nox-1,downstream,valid,synthetic
999999,1,233,280.0,demo-nox-1,downstream,valid,synthetic
999999,1,234,280.0,demo-nox-1,downstream,valid,synthetic
999999,1,235,280.0,demo-nox-1,downstream,valid,synthetic
999999,1,236,280.0,demo-nox-1,downstream,valid,synthetic
999999,1,237,280.0,demo-nox-1,downstream,valid,synthetic
999999,1,238,280.0,demo-nox-1,downstream,valid,synthetic
999999,1,239,280.0,demo-nox-1,downstream,valid,synthetic
999999,1,240,280.0,demo-nox-1,downstream,valid,synthetic
