VehId,Vehicle Type,Vehicle Class,Engine Configuration & Displacement,Transmission,Drive Wheels,Generalized_Weight,exclusion,displacement_l,weight_kg
2,ICE,Car,4-FI 2.0L T/C,NO DATA,NO DATA,3500,,2.0,1587.5732950000001
5,HEV,Car,4-GAS/ELECTRIC 2.0L,NO DATA,NO DATA,3500,not_ICE,2.0,1587.5732950000001
7,ICE,SUV,6-FI 3.6L,AUTOMATIC,NO DATA,4500,,3.6,2041.165665
8,ICE,Car,4-FI 1.5L,5-SP MANUAL,NO DATA,2500,,1.5,1133.980925
12,ICE,Car,4-FI 1.8L,NO DATA,NO DATA,2500,,1.8,1133.980925
108,ICE,NO DATA,8-4V/FI 6.0L,6-SP AUTOMATIC,NO DATA,6000,,6.0,2721.55422
110,ICE,NO DATA,6-FI 3.6L,NO DATA,NO DATA,4500,,3.6,2041.165665
115,HEV,NO DATA,4-GAS/ELECTRIC 2.5L,NO DATA,NO DATA,3500,not_ICE,2.5,1587.5732950000001
116,ICE,NO DATA,10-FI 6.8L,NO DATA,NO DATA,NO DATA,,6.8,
119,ICE,NO DATA,8-DSL 6.7L T/C,NO DATA,NO DATA,6500,diesel,6.7,2948.350405
120,ICE,NO DATA,8-4V/FI 6.0L,NO DATA,NO DATA,6000,,6.0,2721.55422
123,ICE,NO DATA,4-FI 1.8L,5-SP AUTOMATIC,NO DATA,2500,,1.8,1133.980925
124,HEV,NO DATA,4-GAS/ELECTRIC 1.8L,NO DATA,NO DATA,3000,not_ICE,1.8,1360.77711
125,HEV,NO DATA,4-GAS/ELECTRIC 2.4L,NO DATA,NO DATA,3500,not_ICE,2.4,1587.5732950000001
126,ICE,NO DATA,8-FI 4.7L,NO DATA,NO DATA,4000,,4.7,1814.36948
128,ICE,NO DATA,6-FI 3.4L,NO DATA,NO DATA,3500,,3.4,1587.5732950000001
129,ICE,NO DATA,4-FI 2.4L,NO DATA,NO DATA,4000,,2.4,1814.36948
130,ICE,NO DATA,4-FI 2.4L,CVT,NO DATA,3500,,2.4,1587.5732950000001
131,ICE,NO DATA,8-FI 5.3L ,NO DATA,NO DATA,5500,,5.3,2494.7580350000003
132,ICE,NO DATA,6-FI 3.5L,NO DATA,NO DATA,3500,,3.5,1587.5732950000001
133,ICE,NO DATA,4-FI 2.4L,5-SP AUTOMATIC,NO DATA,3500,,2.4,1587.5732950000001
135,ICE,NO DATA,4-FI 2.5L,NO DATA,NO DATA,3500,,2.5,1587.5732950000001
137,ICE,NO DATA,4-FI 2.0L,NO DATA,NO DATA,3000,,2.0,1360.77711
138,ICE,NO DATA,4-FI 2.0L PZEV,NO DATA,NO DATA,2500,,2.0,1133.980925
139,ICE,NO DATA,4-FI 2.0L,AUTOMATIC/CVT,NO DATA,3000,,2.0,1360.77711
140,ICE,NO DATA,4-FI 2.5L,NO DATA,NO DATA,3500,,2.5,1587.5732950000001
141,ICE,NO DATA,4-FI 2.5L,NO DATA,NO DATA,3500,,2.5,1587.5732950000001
142,ICE,NO DATA,4-FI 2.5L,AUTOMATIC/CVT,NO DATA,3500,,2.5,1587.5732950000001
143,ICE,NO DATA,8-FI 4.8L,NO DATA,NO DATA,5500,,4.8,2494.7580350000003
145,ICE,NO DATA,4-FI 2.4L,5-SP AUTOMATIC,NO DATA,3500,,2.4,1587.5732950000001
147,ICE,NO DATA,4-FI 2.4L,CVT,NO DATA,3500,,2.4,1587.5732950000001
148,ICE,NO DATA,4-FI 2.2L,NO DATA,NO DATA,3000,,2.2,1360.77711
149,ICE,NO DATA,4-FI 1.8L,5-SP AUTOMATIC,NO DATA,2500,,1.8,1133.980925
150,HEV,NO DATA,4-FI 1.3L GAS/ELEC.,CVT,NO DATA,2500,not_ICE,1.3,1133.980925
153,ICE,NO DATA,5-FI 2.5L,NO DATA,NO DATA,3000,,2.5,1360.77711
154,ICE,NO DATA,4-FI 2.5L,NO DATA,NO DATA,3500,,2.5,1587.5732950000001
155,ICE,NO DATA,5-FI 2.5L,NO DATA,NO DATA,3000,,2.5,1360.77711
156,ICE,NO DATA,6-FI 3.5L,6-SP ECT AUTOMATIC,NO DATA,4500,,3.5,2041.165665
157,ICE,NO DATA,6-FI 3.5L,NO DATA,NO DATA,3500,,3.5,1587.5732950000001
159,ICE,NO DATA,4-FI 2.0L,NO DATA,NO DATA,2500,,2.0,1133.980925
160,ICE,NO DATA,4-FI 2.4L,NO DATA,NO DATA,4000,,2.4,1814.36948
161,ICE,NO DATA,4-FI 1.8L,NO DATA,NO DATA,3000,,1.8,1360.77711
162,ICE,NO DATA,4-FI 2.5L,NO DATA,NO DATA,3500,,2.5,1587.5732950000001
163,ICE,NO DATA,6-FI 3.5L,5-SP AUTOMATIC,NO DATA,4500,,3.5,2041.165665
164,ICE,NO DATA,6-FI 3.5L,NO DATA,NO DATA,4500,,3.5,2041.165665
165,ICE,NO DATA,6-FI 3.5L,AUTOMATIC,NO DATA,3500,,3.5,1587.5732950000001
167,ICE,NO DATA,6-FI 3.5L,NO DATA,NO DATA,4500,,3.5,2041.165665
169,ICE,NO DATA,6-FI 3.7L,NO DATA,NO DATA,5000,,3.7,2267.96185
172,ICE,NO DATA,8-FI 4.8L,NO DATA,NO DATA,5500,,4.8,2494.7580350000003
174,ICE,NO DATA,4-FI 2.2L,NO DATA,NO DATA,3000,,2.2,1360.77711
176,ICE,NO DATA,4-FI 2.4L,NO DATA,NO DATA,3500,,2.4,1587.5732950000001
179,ICE,NO DATA,4-FI 2.5L,NO DATA,NO DATA,3500,,2.5,1587.5732950000001
180,ICE,NO DATA,4-FI 1.6L,NO DATA,NO DATA,2500,,1.6,1133.980925
181,ICE,NO DATA,4-FI 2.4L,NO DATA,NO DATA,3000,,2.4,1360.77711
184,ICE,NO DATA,4-FI 2.3L T/C,NO DATA,NO DATA,4500,,2.3,2041.165665
185,ICE,NO DATA,4-FI 1.5L,5-SP AUTOMATIC,NO DATA,2500,,1.5,1133.980925
187,ICE,NO DATA,4-FI 1.5L,5-SP AUTOMATIC,NO DATA,2500,,1.5,1133.980925
189,ICE,NO DATA,8-FI 5.4L,NO DATA,NO DATA,NO DATA,,5.4,
190,ICE,NO DATA,6-FI 3.6L,NO DATA,NO DATA,4500,,3.6,2041.165665
191,ICE,NO DATA,4-FI 2.5L,NO DATA,NO DATA,3500,,2.5,1587.5732950000001
192,ICE,NO DATA,4-FI 2.4L,NO DATA,NO DATA,3500,,2.4,1587.5732950000001
193,ICE,NO DATA,4-FI 2.4L,5-SP AUTOMATIC,NO DATA,3000,,2.4,1360.77711
195,ICE,NO DATA,4-FI 2.0L,NO DATA,NO DATA,3000,,2.0,1360.77711
196,ICE,NO DATA,6-FI 4.3L,NO DATA,NO DATA,4000,,4.3,1814.36948
199,ICE,NO DATA,4-FI 2.0L,AUTOMATIC/CVT,NO DATA,3000,,2.0,1360.77711
200,ICE,NO DATA,5-FI 2.5L PZEV,NO DATA,NO DATA,3000,,2.5,1360.77711
201,HEV,NO DATA,4-GAS/ELECTRIC 1.5L,NO DATA,NO DATA,2500,not_ICE,1.5,1133.980925
202,ICE,NO DATA,4-FI 1.8L,5-SP AUTOMATIC,NO DATA,2500,,1.8,1133.980925
203,ICE,NO DATA,6-FI 3.3L,5-SP ECT AUTOMATIC,NO DATA,3500,,3.3,1587.5732950000001
205,ICE,NO DATA,4-FI 2.2L,AUTOMATIC,NO DATA,3000,,2.2,1360.77711
206,ICE,NO DATA,4-FI 2.0L T/C,NO DATA,NO DATA,3500,,2.0,1587.5732950000001
207,ICE,NO DATA,6-FI 3.8L,NO DATA,NO DATA,4500,,3.8,2041.165665
208,ICE,NO DATA,4-FI 2.5L,NO DATA,NO DATA,3500,,2.5,1587.5732950000001
209,ICE,NO DATA,4-FI 2.5L,FULL TIME 4WD AUTOMATIC,NO DATA,3500,,2.5,1587.5732950000001
211,ICE,NO DATA,4-FI 2.0L,NO DATA,NO DATA,3000,,2.0,1360.77711
212,HEV,NO DATA,4-GAS/ELECTRIC 2.3L,NO DATA,NO DATA,4000,not_ICE,2.3,1814.36948
213,ICE,NO DATA,6-EFI 4.2L ,4-SP AUTOMATIC,NO DATA,4500,,4.2,2041.165665
214,ICE,NO DATA,6-EFI 3.0L,NO DATA,NO DATA,4000,,3.0,1814.36948
215,ICE,NO DATA,8-FI 4.6L,NO DATA,NO DATA,5000,,4.6,2267.96185
216,ICE,NO DATA,4-FI 2.4L,CVT,NO DATA,3500,,2.4,1587.5732950000001
217,ICE,NO DATA,8-EFI 5.0L,NO DATA,NO DATA,6000,,5.0,2721.55422
218,ICE,NO DATA,4-FI 2.4L,5-SP AUTOMATIC,NO DATA,3000,,2.4,1360.77711
220,HEV,NO DATA,4-GAS/ELECTRIC 1.8L,NO DATA,NO DATA,3000,not_ICE,1.8,1360.77711
222,ICE,NO DATA,6-EFI 3.0L,NO DATA,NO DATA,3500,,3.0,1587.5732950000001
223,ICE,NO DATA,4-FI T/C 1.4L,NO DATA,NO DATA,3000,,1.4,1360.77711
225,ICE,NO DATA,4-FI 2.0L T/C,NO DATA,NO DATA,3500,,2.0,1587.5732950000001
228,ICE,NO DATA,6-FI 3.0L,AUTOMATIC,NO DATA,3000,,3.0,1360.77711
230,ICE,NO DATA,6-FI 3.6L,NO DATA,NO DATA,3500,,3.6,1587.5732950000001
231,HEV,NO DATA,4-GAS/ELECTRIC 1.8L,NO DATA,NO DATA,3000,not_ICE,1.8,1360.77711
232,ICE,NO DATA,4-FI 2.4L,NO DATA,NO DATA,3500,,2.4,1587.5732950000001
233,ICE,NO DATA,6-FI 3.7L,NO DATA,NO DATA,4000,,3.7,1814.36948
234,ICE,NO DATA,6-FI 2.7L,NO DATA,NO DATA,3500,,2.7,1587.5732950000001
235,ICE,NO DATA,6-FI 3.1L,NO DATA,NO DATA,3000,,3.1,1360.77711
237,ICE,NO DATA,6-FI 3.0L,NO DATA,NO DATA,3500,,3.0,1587.5732950000001
238,ICE,NO DATA,4-FI 1.6L T/C,NO DATA,NO DATA,3500,,1.6,1587.5732950000001
240,ICE,NO DATA,6-FI 3.5L,NO DATA,NO DATA,4500,,3.5,2041.165665
241,HEV,NO DATA,4-GAS/ELECTRIC 1.8L,NO DATA,NO DATA,3000,not_ICE,1.8,1360.77711
242,HEV,NO DATA,4-GAS/ELECTRIC 1.8L,NO DATA,NO DATA,3500,not_ICE,1.8,1587.5732950000001
243,ICE,NO DATA,6-FI 3.7L,NO DATA,NO DATA,4000,,3.7,1814.36948
244,ICE,NO DATA,4-FI 2.5L,NO DATA,NO DATA,3500,,2.5,1587.5732950000001
246,ICE,NO DATA,6-FI 2.7L,NO DATA,NO DATA,3000,,2.7,1360.77711
247,ICE,NO DATA,4-FI 1.8L,NO DATA,NO DATA,3000,,1.8,1360.77711
248,ICE,NO DATA,4-FI 2.4L,NO DATA,NO DATA,4000,,2.4,1814.36948
249,ICE,NO DATA,8-FI 4.8L,NO DATA,NO DATA,5000,,4.8,2267.96185
250,ICE,NO DATA,8-FI 5.3L,NO DATA,NO DATA,5500,,5.3,2494.7580350000003
251,ICE,NO DATA,4-FI 2.4L,NO DATA,NO DATA,3000,,2.4,1360.77711
252,ICE,NO DATA,6-FI 4.2L,NO DATA,NO DATA,4500,,4.2,2041.165665
254,ICE,NO DATA,4-FI 1.8L,5-SP AUTOMATIC,NO DATA,2500,,1.8,1133.980925
255,ICE,NO DATA,6-FI 3.5L,6-SP AUTOMATIC,NO DATA,4500,,3.5,2041.165665
257,ICE,NO DATA,4-FI 2.4L,CVT,NO DATA,3000,,2.4,1360.77711
258,HEV,NO DATA,4-GAS/ELECTRIC 1.8L,NO DATA,NO DATA,3000,not_ICE,1.8,1360.77711
259,ICE,NO DATA,6-FI 2.7L,NO DATA,NO DATA,3500,,2.7,1587.5732950000001
260,ICE,NO DATA,4-FI 2.5L,FULL TIME 4WD AUTOMATIC,NO DATA,3500,,2.5,1587.5732950000001
262,ICE,NO DATA,4-FI 2.3L,NO DATA,NO DATA,3000,,2.3,1360.77711
264,ICE,NO DATA,6-FI 3.6L,NO DATA,NO DATA,4000,,3.6,1814.36948
265,ICE,NO DATA,6-FI 3.0L,NO DATA,NO DATA,4000,,3.0,1814.36948
266,ICE,NO DATA,4-FI 2.4L,4-SP AUTOMATIC,NO DATA,3500,,2.4,1587.5732950000001
267,ICE,NO DATA,4-FI 2.5L,AUTOMATIC/CVT,NO DATA,3500,,2.5,1587.5732950000001
268,ICE,NO DATA,4-FI 2.0L,NO DATA,NO DATA,2500,,2.0,1133.980925
269,ICE,NO DATA,4-FI 1.8L,NO DATA,NO DATA,2500,,1.8,1133.980925
270,ICE,NO DATA,4-FI 2.0L,NO DATA,NO DATA,2500,,2.0,1133.980925
271,ICE,NO DATA,4-FI 2.0L,NO DATA,NO DATA,3000,,2.0,1360.77711
272,HEV,NO DATA,4-GAS/ELECTRIC 1.5L,NO DATA,NO DATA,2500,not_ICE,1.5,1133.980925
273,ICE,NO DATA,4-FI 2.0L,NO DATA,NO DATA,3000,,2.0,1360.77711
274,ICE,NO DATA,4-FI 1.4L T/C,NO DATA,NO DATA,3000,,1.4,1360.77711
275,ICE,NO DATA,4-FI 2.4L,NO DATA,NO DATA,3500,,2.4,1587.5732950000001
276,ICE,NO DATA,4-FI 2.0L,NO DATA,NO DATA,2500,,2.0,1133.980925
278,ICE,NO DATA,4-FI 2.4L,5-SP AUTOMATIC,NO DATA,3500,,2.4,1587.5732950000001
280,ICE,NO DATA,6-FI 3.8L,NO DATA,NO DATA,4500,,3.8,2041.165665
282,ICE,NO DATA,4-FI 2.5L,FULL TIME 4WD MANUAL,NO DATA,3500,,2.5,1587.5732950000001
283,ICE,NO DATA,4-FI 1.5L,NO DATA,NO DATA,2500,,1.5,1133.980925
285,ICE,NO DATA,4-FI 2.4L,NO DATA,NO DATA,3000,,2.4,1360.77711
286,ICE,NO DATA,6-EFI 3.0L,NO DATA,NO DATA,3000,,3.0,1360.77711
288,ICE,NO DATA,6-FI 3.7L,NO DATA,NO DATA,5000,,3.7,2267.96185
289,ICE,NO DATA,4-FI 1.8L,NO DATA,NO DATA,2500,,1.8,1133.980925
291,ICE,NO DATA,4-FI 2.5L,AUTOMATIC/CVT,NO DATA,3500,,2.5,1587.5732950000001
292,HEV,NO DATA,4-GAS/ELECTRIC 1.8L,NO DATA,NO DATA,3000,not_ICE,1.8,1360.77711
293,ICE,NO DATA,4-FI 1.4L T/C,NO DATA,NO DATA,3000,,1.4,1360.77711
297,ICE,NO DATA,4-FI 2.5L,NO DATA,NO DATA,3500,,2.5,1587.5732950000001
298,HEV,NO DATA,4-GAS/ELECTRIC 1.5L,NO DATA,NO DATA,3000,not_ICE,1.5,1360.77711
299,ICE,NO DATA,4-FI 2.5L,AUTOMATIC/CVT,NO DATA,3500,,2.5,1587.5732950000001
300,ICE,NO DATA,6-FI 3.5L,5-SP AUTOMATIC,NO DATA,4500,,3.5,2041.165665
301,ICE,NO DATA,4-FI 2.3L ULEV,4-SP AUTOMATIC,NO DATA,3000,,2.3,1360.77711
302,ICE,NO DATA,4-FI 2.0L,NO DATA,NO DATA,2500,,2.0,1133.980925
303,ICE,NO DATA,4-FI 1.8L,NO DATA,NO DATA,3000,,1.8,1360.77711
304,ICE,NO DATA,4-FI 1.5L,5-SP MANUAL,NO DATA,2500,,1.5,1133.980925
306,ICE,NO DATA,4-FI 2.4L,NO DATA,NO DATA,3000,,2.4,1360.77711
307,ICE,NO DATA,4-FI 2.0L,NO DATA,NO DATA,3000,,2.0,1360.77711
308,ICE,NO DATA,4-FI 1.8L,CVT,NO DATA,3000,,1.8,1360.77711
309,ICE,NO DATA,6-FI 3.6L,NO DATA,NO DATA,4500,,3.6,2041.165665
311,ICE,NO DATA,4-FI 2.0L T/C,NO DATA,NO DATA,3500,,2.0,1587.5732950000001
312,ICE,NO DATA,4-FI 1.8L,NO DATA,NO DATA,2500,,1.8,1133.980925
313,ICE,NO DATA,4-FI 2.4L,NO DATA,NO DATA,4000,,2.4,1814.36948
315,ICE,NO DATA,4-FI 2.4L,NO DATA,NO DATA,3500,,2.4,1587.5732950000001
318,ICE,NO DATA,4-FI 2.4L,NO DATA,NO DATA,3000,,2.4,1360.77711
319,ICE,NO DATA,4-FI 1.5L,5-SP MANUAL,NO DATA,2500,,1.5,1133.980925
321,ICE,NO DATA,6-FI 3.8L,NO DATA,NO DATA,4500,,3.8,2041.165665
323,ICE,NO DATA,4-FI 1.6L T/C,NO DATA,NO DATA,3500,,1.6,1587.5732950000001
324,ICE,NO DATA,4-FI 1.8L,CVT,NO DATA,3000,,1.8,1360.77711
325,ICE,NO DATA,6-FI 3.6L,NO DATA,NO DATA,4500,,3.6,2041.165665
326,ICE,NO DATA,4-FI 2.0L T/C,NO DATA,NO DATA,4000,,2.0,1814.36948
328,HEV,NO DATA,4-GAS/ELECTRIC 1.8L,NO DATA,NO DATA,3000,not_ICE,1.8,1360.77711
329,ICE,NO DATA,4-FI 2.4L,NO DATA,NO DATA,4000,,2.4,1814.36948
330,ICE,NO DATA,4-FI 2.4L,NO DATA,NO DATA,4000,,2.4,1814.36948
332,ICE,NO DATA,4-FI 2.0L PZEV,NO DATA,NO DATA,2500,,2.0,1133.980925
333,ICE,NO DATA,4-FI 2.0L,NO DATA,NO DATA,2500,,2.0,1133.980925
334,ICE,NO DATA,4-FI T/C 1.4L,NO DATA,NO DATA,3000,,1.4,1360.77711
337,ICE,NO DATA,4-FI 2.5L,NO DATA,NO DATA,3000,,2.5,1360.77711
338,HEV,NO DATA,4-GAS/ELECTRIC 1.8L,NO DATA,NO DATA,3000,not_ICE,1.8,1360.77711
340,ICE,NO DATA,6-FI 3.5L,NO DATA,NO DATA,3500,,3.5,1587.5732950000001
344,HEV,NO DATA,4-GAS/ELECTRIC 2.3L,NO DATA,NO DATA,3500,not_ICE,2.3,1587.5732950000001
345,ICE,NO DATA,4-FI 2.5L,AUTOMATIC/CVT,NO DATA,3500,,2.5,1587.5732950000001
346,HEV,NO DATA,4-GAS/ELECTRIC 2.0L,NO DATA,NO DATA,3500,not_ICE,2.0,1587.5732950000001
347,HEV,NO DATA,6-GAS/ELECTRIC 3.3L,NO DATA,NO DATA,4000,not_ICE,3.3,1814.36948
348,HEV,NO DATA,4-GAS/ELECTRIC 1.5L,NO DATA,NO DATA,3000,not_ICE,1.5,1360.77711
349,HEV,NO DATA,4-GAS/ELECTRIC 2.5L,NO DATA,NO DATA,3500,not_ICE,2.5,1587.5732950000001
350,HEV,NO DATA,4-GAS/ELECTRIC 1.5L,NO DATA,NO DATA,3000,not_ICE,1.5,1360.77711
351,HEV,NO DATA,4-GAS/ELECTRIC 1.8L,NO DATA,NO DATA,3000,not_ICE,1.8,1360.77711
353,HEV,NO DATA,4-GAS/ELECTRIC 1.8L,NO DATA,NO DATA,3000,not_ICE,1.8,1360.77711
354,ICE,NO DATA,6-FI 3.8L,NO DATA,NO DATA,4500,,3.8,2041.165665
355,HEV,NO DATA,4-GAS/ELECTRIC 1.8L,NO DATA,NO DATA,3000,not_ICE,1.8,1360.77711
356,ICE,NO DATA,4-FI 2.4L,NO DATA,NO DATA,3500,,2.4,1587.5732950000001
357,HEV,NO DATA,4-GAS/ELECTRIC 2.5L,NO DATA,NO DATA,3500,not_ICE,2.5,1587.5732950000001
359,ICE,NO DATA,6-FI 3.5L,6-SP AUTOMATIC,NO DATA,4500,,3.5,2041.165665
360,HEV,NO DATA,4-GAS/ELECTRIC 1.8L,NO DATA,NO DATA,3000,not_ICE,1.8,1360.77711
366,ICE,NO DATA,6-FI 3.5L,NO DATA,NO DATA,4500,,3.5,2041.165665
367,ICE,NO DATA,4-FI 2.5L,AUTOMATIC/CVT,NO DATA,3500,,2.5,1587.5732950000001
368,HEV,NO DATA,4-GAS/ELECTRIC 2.4L,NO DATA,NO DATA,3500,not_ICE,2.4,1587.5732950000001
369,HEV,NO DATA,4-GAS/ELECTRIC 1.8L,NO DATA,NO DATA,3000,not_ICE,1.8,1360.77711
370,ICE,NO DATA,6-FI 3.5L,NO DATA,NO DATA,4500,,3.5,2041.165665
372,HEV,NO DATA,4-GAS/ELECTRIC 1.5L,NO DATA,NO DATA,3000,not_ICE,1.5,1360.77711
374,HEV,NO DATA,4-GAS/ELECTRIC 2.0L,NO DATA,NO DATA,4000,not_ICE,2.0,1814.36948
375,HEV,NO DATA,6-GAS/ELECTRIC 3.3L,NO DATA,NO DATA,4500,not_ICE,3.3,2041.165665
376,HEV,NO DATA,6-GAS/ELECTRIC 3.3L,NO DATA,NO DATA,4000,not_ICE,3.3,1814.36948
378,HEV,NO DATA,4-GAS/ELECTRIC 1.5L,NO DATA,NO DATA,2500,not_ICE,1.5,1133.980925
380,ICE,NO DATA,6-FI 3.5L,NO DATA,NO DATA,4500,,3.5,2041.165665
381,HEV,NO DATA,4-GAS/ELECTRIC 2.4L,NO DATA,NO DATA,3500,not_ICE,2.4,1587.5732950000001
382,HEV,NO DATA,4-GAS/ELECTRIC 1.5L,NO DATA,NO DATA,3000,not_ICE,1.5,1360.77711
383,HEV,NO DATA,4-GAS/ELECTRIC 1.8L,NO DATA,NO DATA,3000,not_ICE,1.8,1360.77711
384,HEV,NO DATA,4-GAS/ELECTRIC 1.8L,NO DATA,NO DATA,3000,not_ICE,1.8,1360.77711
385,HEV,NO DATA,4-GAS/ELECTRIC 1.8L,NO DATA,NO DATA,3000,not_ICE,1.8,1360.77711
386,HEV,NO DATA,4-GAS/ELECTRIC 1.5L,NO DATA,NO DATA,3000,not_ICE,1.5,1360.77711
387,HEV,NO DATA,4-GAS/ELECTRIC 1.5L,CVT,NO DATA,3000,not_ICE,1.5,1360.77711
389,HEV,NO DATA,4-GAS/ELECTRIC 1.5L,NO DATA,NO DATA,3000,not_ICE,1.5,1360.77711
392,HEV,NO DATA,6-GAS/ELECTRIC 3.5L,NO DATA,NO DATA,4500,not_ICE,3.5,2041.165665
393,HEV,NO DATA,4-GAS/ELECTRIC 2.5L,NO DATA,NO DATA,3500,not_ICE,2.5,1587.5732950000001
394,ICE,NO DATA,8-FI 5.3L,NO DATA,NO DATA,5000,,5.3,2267.96185
397,HEV,NO DATA,4-GAS/ELECTRIC 1.8L,NO DATA,NO DATA,3000,not_ICE,1.8,1360.77711
399,HEV,NO DATA,4-GAS/ELECTRIC 1.8L,NO DATA,NO DATA,3000,not_ICE,1.8,1360.77711
400,ICE,NO DATA,4-FI 2.5L,NO DATA,NO DATA,3500,,2.5,1587.5732950000001
401,ICE,NO DATA,4-FI 2.5L,NO DATA,NO DATA,3500,,2.5,1587.5732950000001
402,HEV,NO DATA,4-GAS/ELECTRIC 1.8L,NO DATA,NO DATA,3000,not_ICE,1.8,1360.77711
403,HEV,NO DATA,4-GAS/ELECTRIC 1.5L,NO DATA,NO DATA,3000,not_ICE,1.5,1360.77711
404,HEV,NO DATA,4-GAS/ELECTRIC 1.8L,NO DATA,NO DATA,3000,not_ICE,1.8,1360.77711
405,HEV,NO DATA,4-GAS/ELECTRIC 1.5L,NO DATA,NO DATA,3000,not_ICE,1.5,1360.77711
406,HEV,NO DATA,3-FI 1.0L GAS/ELEC.,NO DATA,NO DATA,2000,not_ICE,1.0,907.18474
407,HEV,NO DATA,4-GAS/ELECTRIC 2.3L,NO DATA,NO DATA,3500,not_ICE,2.3,1587.5732950000001
409,ICE,NO DATA,4-FI 2.4L,4-SP AUTOMATIC,NO DATA,3500,,2.4,1587.5732950000001
410,HEV,NO DATA,4-GAS/ELECTRIC 2.5L,NO DATA,NO DATA,3500,not_ICE,2.5,1587.5732950000001
411,HEV,NO DATA,4-GAS/ELECTRIC 1.5L,NO DATA,NO DATA,3000,not_ICE,1.5,1360.77711
413,ICE,NO DATA,4-FI 2.4L,5-SP AUTOMATIC,NO DATA,3500,,2.4,1587.5732950000001
414,ICE,NO DATA,4-FI 2.4L,NO DATA,NO DATA,3500,,2.4,1587.5732950000001
415,ICE,NO DATA,4-FI 2.0L PZEV,NO DATA,NO DATA,2500,,2.0,1133.980925
416,ICE,NO DATA,4-FI 2.4L,NO DATA,NO DATA,3500,,2.4,1587.5732950000001
418,HEV,NO DATA,4-GAS/ELECTRIC 1.8L,NO DATA,NO DATA,3000,not_ICE,1.8,1360.77711
422,HEV,NO DATA,4-GAS/ELECTRIC 1.5L,NO DATA,NO DATA,2500,not_ICE,1.5,1133.980925
426,ICE,NO DATA,4-FI 1.4L T/C,NO DATA,NO DATA,3000,,1.4,1360.77711
428,HEV,NO DATA,4-GAS/ELECTRIC 1.8L,NO DATA,NO DATA,3000,not_ICE,1.8,1360.77711
429,ICE,NO DATA,6-FI 3.5L,AUTOMATIC,NO DATA,3500,,3.5,1587.5732950000001
430,HEV,NO DATA,4-GAS/ELECTRIC 1.8L,NO DATA,NO DATA,3500,not_ICE,1.8,1587.5732950000001
432,ICE,NO DATA,4-FI 1.4L T/C,NO DATA,NO DATA,3000,,1.4,1360.77711
433,ICE,NO DATA,6-FI 3.5L,NO DATA,NO DATA,4500,,3.5,2041.165665
434,ICE,NO DATA,4-FI 1.4L T/C,NO DATA,NO DATA,3000,,1.4,1360.77711
435,HEV,NO DATA,4-GAS/ELECTRIC 1.5L,NO DATA,NO DATA,3000,not_ICE,1.5,1360.77711
436,HEV,NO DATA,4-GAS/ELECTRIC 2.0L,NO DATA,NO DATA,3500,not_ICE,2.0,1587.5732950000001
437,HEV,NO DATA,4-GAS/ELECTRIC 1.5L,NO DATA,NO DATA,3000,not_ICE,1.5,1360.77711
438,HEV,NO DATA,6-GAS/ELECTRIC 3.5L,NO DATA,NO DATA,5000,not_ICE,3.5,2267.96185
439,HEV,NO DATA,4-GAS/ELECTRIC 2.0L,CVT,NO DATA,3500,not_ICE,2.0,1587.5732950000001
440,HEV,NO DATA,4-GAS/ELECTRIC 1.5L,NO DATA,NO DATA,3000,not_ICE,1.5,1360.77711
441,HEV,NO DATA,4-GAS/ELECTRIC 1.8L,NO DATA,NO DATA,3000,not_ICE,1.8,1360.77711
444,HEV,NO DATA,4-GAS/ELECTRIC 1.8L,NO DATA,NO DATA,3000,not_ICE,1.8,1360.77711
445,HEV,NO DATA,4-GAS/ELECTRIC 2.4L,NO DATA,NO DATA,3500,not_ICE,2.4,1587.5732950000001
447,HEV,NO DATA,4-GAS/ELECTRIC 1.5L,NO DATA,NO DATA,3000,not_ICE,1.5,1360.77711
448,HEV,NO DATA,4-GAS/ELECTRIC 1.5L,NO DATA,NO DATA,3000,not_ICE,1.5,1360.77711
450,HEV,NO DATA,4-GAS/ELECTRIC 1.8L,NO DATA,NO DATA,3500,not_ICE,1.8,1587.5732950000001
451,HEV,NO DATA,4-GAS/ELECTRIC 1.5L,NO DATA,NO DATA,3000,not_ICE,1.5,1360.77711
452,HEV,NO DATA,4-GAS/ELECTRIC 1.5L,NO DATA,NO DATA,3000,not_ICE,1.5,1360.77711
454,ICE,NO DATA,8-FI 5.7L HEMI (Hemi engine),NO DATA,NO DATA,4500,,5.7,2041.165665
456,HEV,NO DATA,4-GAS/ELECTRIC 1.8L,NO DATA,NO DATA,3500,not_ICE,1.8,1587.5732950000001
458,HEV,NO DATA,4-GAS/ELECTRIC 2.4L,NO DATA,NO DATA,3500,not_ICE,2.4,1587.5732950000001
459,ICE,NO DATA,6-FI 3.6L,NO DATA,NO DATA,4000,,3.6,1814.36948
460,ICE,NO DATA,6-FI 3.3L,NO DATA,NO DATA,4000,,3.3,1814.36948
461,ICE,NO DATA,4-FI 2.4L,CVT,NO DATA,3000,,2.4,1360.77711
462,ICE,NO DATA,4-FI 1.8L,NO DATA,NO DATA,3000,,1.8,1360.77711
463,ICE,NO DATA,6-EFI 3.0L,NO DATA,NO DATA,3500,,3.0,1587.5732950000001
464,ICE,NO DATA,4-FI 1.8L,NO DATA,NO DATA,2500,,1.8,1133.980925
465,ICE,NO DATA,6-FI 3.5L,NO DATA,NO DATA,4000,,3.5,1814.36948
466,ICE,NO DATA,4-FI 2.0L,5-SP AWD MANUAL,NO DATA,3000,,2.0,1360.77711
467,ICE,NO DATA,6-FI 3.6L,NO DATA,NO DATA,4500,,3.6,2041.165665
468,HEV,NO DATA,4-GAS/ELECTRIC 1.8L,NO DATA,NO DATA,3500,not_ICE,1.8,1587.5732950000001
469,ICE,NO DATA,6-FI 3.6L,NO DATA,NO DATA,4500,,3.6,2041.165665
470,ICE,NO DATA,4-FI 1.8L,NO DATA,NO DATA,2500,,1.8,1133.980925
472,ICE,NO DATA,6-FI 3.7L,NO DATA,NO DATA,4000,,3.7,1814.36948
473,ICE,NO DATA,4-FI 2.4L,5-SP AUTOMATIC,NO DATA,3500,,2.4,1587.5732950000001
474,HEV,NO DATA,4-GAS/ELECTRIC 1.5L,NO DATA,NO DATA,3000,not_ICE,1.5,1360.77711
475,HEV,NO DATA,4-GAS/ELECTRIC 1.5L,NO DATA,NO DATA,3000,not_ICE,1.5,1360.77711
476,ICE,NO DATA,6-FI 3.5L,NO DATA,NO DATA,4000,,3.5,1814.36948
477,HEV,NO DATA,4-GAS/ELECTRIC 1.5L,NO DATA,NO DATA,3000,not_ICE,1.5,1360.77711
478,ICE,NO DATA,4-FI T/C 2.0L,NO DATA,NO DATA,3500,,2.0,1587.5732950000001
480,ICE,NO DATA,4-FI 2.4L,NO DATA,NO DATA,3500,,2.4,1587.5732950000001
482,ICE,NO DATA,4-FI 2.4L,NO DATA,NO DATA,3000,,2.4,1360.77711
483,ICE,NO DATA,4-FI 2.4L,NO DATA,NO DATA,4000,,2.4,1814.36948
484,ICE,NO DATA,6-FI 3.5L,NO DATA,NO DATA,3500,,3.5,1587.5732950000001
485,ICE,NO DATA,4-FI 2.4L,NO DATA,NO DATA,4000,,2.4,1814.36948
486,ICE,NO DATA,8-FI 5.7L HEMI,NO DATA,NO DATA,4500,,5.7,2041.165665
487,ICE,NO DATA,4-FI 2.4L,NO DATA,NO DATA,3000,,2.4,1360.77711
488,ICE,NO DATA,4-FI 2.5L,AUTOMATIC/CVT,NO DATA,3500,,2.5,1587.5732950000001
489,ICE,NO DATA,6-242-MFI 4.0L,NO DATA,NO DATA,4000,,4.0,1814.36948
490,ICE,NO DATA,6-FI 3.6L,AUTOMATIC/CVT,NO DATA,3500,,3.6,1587.5732950000001
494,ICE,NO DATA,6-FI 3.5L,NO DATA,NO DATA,4500,,3.5,2041.165665
498,ICE,NO DATA,6-FI 2.7L,NO DATA,NO DATA,3500,,2.7,1587.5732950000001
500,ICE,NO DATA,6-FI 3.5L,NO DATA,NO DATA,4500,,3.5,2041.165665
501,ICE,NO DATA,4-FI 2.4L,4-SP AUTOMATIC,NO DATA,3500,,2.4,1587.5732950000001
502,ICE,NO DATA,4-FI 2.0L,NO DATA,NO DATA,2500,,2.0,1133.980925
503,ICE,NO DATA,4-FI 2.0L,NO DATA,NO DATA,2500,,2.0,1133.980925
504,ICE,NO DATA,4-FI 2.3L,NO DATA,NO DATA,3000,,2.3,1360.77711
505,ICE,NO DATA,6-FI 3.8L,NO DATA,NO DATA,4000,,3.8,1814.36948
506,ICE,NO DATA,4-FI 2.4L,5-SP AUTOMATIC,NO DATA,3500,,2.4,1587.5732950000001
507,ICE,NO DATA,4-FI 2.4L,NO DATA,NO DATA,4000,,2.4,1814.36948
516,ICE,NO DATA,4-FI 2.3L T/C,NO DATA,NO DATA,3500,,2.3,1587.5732950000001
517,ICE,NO DATA,6-FI 3.5L,NO DATA,NO DATA,4500,,3.5,2041.165665
519,ICE,NO DATA,6-FI 3.8L,NO DATA,NO DATA,4000,,3.8,1814.36948
521,ICE,NO DATA,6-FI 3.5L,NO DATA,NO DATA,4500,,3.5,2041.165665
522,ICE,NO DATA,4-FI 2.4L,CVT,NO DATA,3000,,2.4,1360.77711
526,HEV,NO DATA,4-GAS/ELECTRIC 1.5L,NO DATA,NO DATA,3000,not_ICE,1.5,1360.77711
527,ICE,NO DATA,6-EFI 3.0L,NO DATA,NO DATA,3500,,3.0,1587.5732950000001
528,ICE,NO DATA,6-FI 3.3L,NO DATA,NO DATA,4500,,3.3,2041.165665
529,ICE,NO DATA,6-FI 3.7L,NO DATA,NO DATA,4500,,3.7,2041.165665
530,ICE,NO DATA,4-FI 2.5L,AUTOMATIC/CVT,NO DATA,3500,,2.5,1587.5732950000001
531,ICE,NO DATA,4-FI 1.5L,5-SP AUTOMATIC,NO DATA,2500,,1.5,1133.980925
532,HEV,NO DATA,4-GAS/ELECTRIC 2.5L,NO DATA,NO DATA,3500,not_ICE,2.5,1587.5732950000001
533,ICE,NO DATA,4-FI 2.0L T/C,NO DATA,NO DATA,3500,,2.0,1587.5732950000001
534,ICE,NO DATA,6-FI 3.5L,NO DATA,NO DATA,3500,,3.5,1587.5732950000001
535,ICE,NO DATA,6-FI 3.6L,NO DATA,NO DATA,4000,,3.6,1814.36948
538,ICE,NO DATA,5-FI 2.5L,NO DATA,NO DATA,3000,,2.5,1360.77711
539,ICE,NO DATA,4-FI 2.4L,NO DATA,NO DATA,3000,,2.4,1360.77711
540,ICE,NO DATA,4-FI S/C 1.8L GAS,NO DATA,NO DATA,3500,,1.8,1587.5732950000001
543,HEV,NO DATA,4-GAS/ELECTRIC 2.0L,NO DATA,NO DATA,3500,not_ICE,2.0,1587.5732950000001
546,ICE,NO DATA,4-FI 1.5L,CVT,NO DATA,2500,,1.5,1133.980925
547,ICE,NO DATA,4-FI 1.6L,NO DATA,NO DATA,2500,,1.6,1133.980925
548,ICE,NO DATA,4-FI 1.5L T/C,NO DATA,NO DATA,3500,,1.5,1587.5732950000001
549,HEV,NO DATA,4-GAS/ELECTRIC 1.5L,NO DATA,NO DATA,3000,not_ICE,1.5,1360.77711
552,ICE,NO DATA,4-FI 2.4L,NO DATA,NO DATA,3500,,2.4,1587.5732950000001
555,HEV,NO DATA,4-GAS/ELECTRIC 2.0L,NO DATA,NO DATA,3500,not_ICE,2.0,1587.5732950000001
557,ICE,NO DATA,6-FI 3.5L,NO DATA,NO DATA,4500,,3.5,2041.165665
558,HEV,NO DATA,4-GAS/ELECTRIC 1.6L,NO DATA,NO DATA,3000,not_ICE,1.6,1360.77711
562,ICE,NO DATA,4-FI 2.4L,5-SP AUTOMATIC,NO DATA,3000,,2.4,1360.77711
563,ICE,NO DATA,4-FI 1.8L,5-SP AUTOMATIC,NO DATA,2500,,1.8,1133.980925
564,HEV,NO DATA,4-GAS/ELECTRIC 1.5L,NO DATA,NO DATA,3000,not_ICE,1.5,1360.77711
565,HEV,NO DATA,4-FI 1.3L GAS/ELEC.,CVT,NO DATA,2500,not_ICE,1.3,1133.980925
566,HEV,NO DATA,4-GAS/ELECTRIC 1.5L,NO DATA,NO DATA,3000,not_ICE,1.5,1360.77711
571,ICE,NO DATA,4-FI 2.4L,5-SP AUTOMATIC,NO DATA,3500,,2.4,1587.5732950000001
573,HEV,NO DATA,4-GAS/ELECTRIC 1.8L,NO DATA,NO DATA,3000,not_ICE,1.8,1360.77711
574,HEV,NO DATA,4-GAS/ELECTRIC 2.0L,NO DATA,NO DATA,3500,not_ICE,2.0,1587.5732950000001
575,ICE,NO DATA,4-FI 2.4L,NO DATA,NO DATA,4000,,2.4,1814.36948
576,ICE,NO DATA,4-FI 2.0L,NO DATA,NO DATA,NO DATA,,2.0,
577,ICE,NO DATA,4-FI 2.4L,5-SP AUTOMATIC,NO DATA,3500,,2.4,1587.5732950000001
578,ICE,NO DATA,4-FI 1.8L,NO DATA,NO DATA,2500,,1.8,1133.980925
579,HEV,NO DATA,4-GAS/ELECTRIC 2.0L,NO DATA,NO DATA,3500,not_ICE,2.0,1587.5732950000001
580,ICE,NO DATA,4-FI 2.5L,6-SP AWD MANUAL,NO DATA,3500,,2.5,1587.5732950000001
581,ICE,NO DATA,4-FI 2.5L,AUTOMATIC/CVT,NO DATA,3500,,2.5,1587.5732950000001
584,ICE,NO DATA,4-FI 2.5L,NO DATA,NO DATA,3500,,2.5,1587.5732950000001
587,ICE,NO DATA,2.3L Gasoline I4,5-SP MANUAL,NO DATA,NO DATA,,2.3,
588,ICE,NO DATA,I4 2.4L Flex Fuel,9-SP Automatic,NO DATA,NO DATA,flex_fuel_unknown_blend,2.4,
591,ICE,NO DATA,4-FI 2.0L,NO DATA,NO DATA,2500,,2.0,1133.980925
592,ICE,NO DATA,2.4L,,NO DATA,4000,,2.4,1814.36948
595,ICE,NO DATA,4-FI 1.6L T/C,NO DATA,NO DATA,3500,,1.6,1587.5732950000001
596,ICE,NO DATA,3.0L 6cyl 4A,,NO DATA,NO DATA,,3.0,
597,ICE,NO DATA,H-4 2.0 L/122,CVT,NO DATA,3000,,2.0,1360.77711
598,ICE,NO DATA,6-FI 3.5L,5-SP AUTOMATIC,NO DATA,3500,,3.5,1587.5732950000001
599,ICE,NO DATA,I4 2.2L,,NO DATA,NO DATA,,2.2,
600,ICE,NO DATA,4-FI 1.6L,NO DATA,NO DATA,2500,,1.6,1133.980925
601,ICE,NO DATA,4-FI 2.5L,NO DATA,NO DATA,3500,,2.5,1587.5732950000001
602,ICE,NO DATA,V6 4.0L,4-SP Automatic,NO DATA,NO DATA,,4.0,
603,ICE,NO DATA,V6 3.1L,4-SP Automatic,NO DATA,NO DATA,,3.1,
604,ICE,NO DATA,V8 4.7L,5-SP Automatic,NO DATA,NO DATA,,4.7,
605,HEV,NO DATA,4-GAS/ELECTRIC 2.3L,NO DATA,NO DATA,4000,not_ICE,2.3,1814.36948
606,ICE,NO DATA,6-FI 3.5L,NO DATA,NO DATA,4000,,3.5,1814.36948
607,ICE,NO DATA,V6 3.0L,4-SP Automatic,NO DATA,NO DATA,,3.0,
608,ICE,NO DATA,4-FI 2.0L,NO DATA,NO DATA,2500,,2.0,1133.980925
609,ICE,NO DATA,V6 3.8L,4-SP Automatic,NO DATA,NO DATA,,3.8,
610,HEV,NO DATA,4-GAS/ELECTRIC 1.5L,NO DATA,NO DATA,3000,not_ICE,1.5,1360.77711
616,ICE,NO DATA,V6 3.5L,5-SP Automatic,NO DATA,NO DATA,,3.5,
618,ICE,NO DATA,V6 3.5L,4-SP Automatic,NO DATA,NO DATA,,3.5,
624,ICE,NO DATA,H-4 2.5L,5-SP Automatic,NO DATA,NO DATA,,2.5,
625,ICE,NO DATA,I-4 1.8L,CVT,NO DATA,3000,,1.8,1360.77711
630,ICE,NO DATA,I-4 2.4L,Automatic,NO DATA,NO DATA,,2.4,
